{"UID":"","VisualisationType":"PARALLEL_COORDINATES","parallelCoordinatesDimensionsAttributes":["Kontinente","2010","2011","2012","2013","2014","2015","2016","2017","2018","2019"],"parallelCoordinatesDimensionsMinFilter":[0.0,0.0,0.0,0.0,0.0,0.0,0.0,0.0,0.0,0.0,0.0],"parallelCoordinatesDimensionsMaxFilter":[1.0,1.0,1.0,1.0,1.0,1.0,1.0,1.0,1.0,1.0,1.0],"parallelCoordinatesDimensionsMinScale":[0.0,0.0,0.0,0.0,0.0,0.0,0.0,0.0,0.0,0.0,0.0],"parallelCoordinatesDimensionsMaxScale":[1.0,1.0,1.0,1.0,1.0,1.0,1.0,1.0,1.0,1.0,1.0],"Geometry":2,"AxiesKeys":[],"AxiesValues":[],"ColourDimension":"Kontinente","SizeDimension":"Undefined","LinkingDimension":"Undefined","colourKeys":{"serializedVersion":"2","key0":{"r":1.0,"g":0.09275002032518387,"b":0.04500001668930054,"a":1.0},"key1":{"r":1.0,"g":0.843000054359436,"b":0.2149999737739563,"a":1.0},"key2":{"r":0.39248359203338625,"g":1.0,"b":0.3372548818588257,"a":0.27450981736183169},"key3":{"r":0.0,"g":0.9500000476837158,"b":1.0,"a":1.0},"key4":{"r":0.40294116735458376,"g":0.20392155647277833,"b":1.0,"a":0.0},"key5":{"r":0.6225001811981201,"g":0.09400004148483277,"b":1.0,"a":0.0},"key6":{"r":1.0,"g":0.12999999523162843,"b":0.8404999375343323,"a":0.0},"key7":{"r":1.0,"g":0.07300001382827759,"b":0.08844977617263794,"a":0.0},"ctime0":0,"ctime1":10794,"ctime2":20239,"ctime3":27563,"ctime4":36044,"ctime5":42983,"ctime6":52235,"ctime7":63222,"atime0":2870,"atime1":15998,"atime2":65535,"atime3":65535,"atime4":0,"atime5":0,"atime6":0,"atime7":0,"m_Mode":0,"m_NumColorKeys":8,"m_NumAlphaKeys":3},"colour":{"r":0.34383857250213625,"g":0.2295999974012375,"b":0.699999988079071,"a":1.0},"Size":1.0,"MinSize":0.032999999821186069,"MaxSize":1.0,"VisualisationWidth":1.0,"VisualisationHeight":1.0,"VisualisationDepth":1.0}